<?xml version="1.0" encoding="UTF-8"?>
<BaliMessageLog>
    <Task name="Map">
        <Message>
            <ID>1100523</ID>
            <Severity>Warning</Severity>
            <Dynamic>D:/Programs/Hubic/Maker/Business/FPGA/Education/FIPSY MIDI Merger/Project/MakeFPGA_DiamondProject/MakeFPGA.lpf(39): Semantic error in &quot;FREQUENCY PORT &quot;MCLK&quot; 120.000000 MHz ;&quot;: </Dynamic>
            <Dynamic>&quot;MCLK&quot; matches no ports in the design. </Dynamic>
            <Navigation>D:/Programs/Hubic/Maker/Business/FPGA/Education/FIPSY MIDI Merger/Project/MakeFPGA_DiamondProject/MakeFPGA.lpf</Navigation>
            <Navigation>39</Navigation>
        </Message>
    </Task>
    <Task name="Lattice_Synthesis">
        <Message>
            <ID>35002000</ID>
            <Severity>Info</Severity>
        </Message>
        <Message>
            <ID>35001781</ID>
            <Severity>Info</Severity>
        </Message>
        <Message>
            <ID>35901328</ID>
            <Severity>Info</Severity>
            <Dynamic>d:/programs/hubic/maker/business/fpga/education/fipsy midi merger/project/makefpga_diamondproject/source/makefpga_top.v(46): </Dynamic>
            <Dynamic>d:/programs/hubic/maker/business/fpga/education/fipsy midi merger/project/makefpga_diamondproject/source/baudgen.vh</Dynamic>
            <Navigation>d:/programs/hubic/maker/business/fpga/education/fipsy midi merger/project/makefpga_diamondproject/source/makefpga_top.v</Navigation>
            <Navigation>46</Navigation>
        </Message>
        <Message>
            <ID>35901328</ID>
            <Severity>Info</Severity>
            <Dynamic>d:/programs/hubic/maker/business/fpga/education/fipsy midi merger/project/makefpga_diamondproject/source/uart_tx.v(19): </Dynamic>
            <Dynamic>d:/programs/hubic/maker/business/fpga/education/fipsy midi merger/project/makefpga_diamondproject/source/baudgen.vh</Dynamic>
            <Navigation>d:/programs/hubic/maker/business/fpga/education/fipsy midi merger/project/makefpga_diamondproject/source/uart_tx.v</Navigation>
            <Navigation>19</Navigation>
        </Message>
        <Message>
            <ID>35901875</ID>
            <Severity>Warning</Severity>
            <Dynamic>d:/programs/hubic/maker/business/fpga/education/fipsy midi merger/project/makefpga_diamondproject/source/uart_tx.v(57): </Dynamic>
            <Dynamic>state</Dynamic>
            <Navigation>d:/programs/hubic/maker/business/fpga/education/fipsy midi merger/project/makefpga_diamondproject/source/uart_tx.v</Navigation>
            <Navigation>57</Navigation>
        </Message>
        <Message>
            <ID>35901875</ID>
            <Severity>Warning</Severity>
            <Dynamic>d:/programs/hubic/maker/business/fpga/education/fipsy midi merger/project/makefpga_diamondproject/source/uart_tx.v(57): </Dynamic>
            <Dynamic>IDLE</Dynamic>
            <Navigation>d:/programs/hubic/maker/business/fpga/education/fipsy midi merger/project/makefpga_diamondproject/source/uart_tx.v</Navigation>
            <Navigation>57</Navigation>
        </Message>
        <Message>
            <ID>35901328</ID>
            <Severity>Info</Severity>
            <Dynamic>d:/programs/hubic/maker/business/fpga/education/fipsy midi merger/project/makefpga_diamondproject/source/baudgen_tx.v(12): </Dynamic>
            <Dynamic>d:/programs/hubic/maker/business/fpga/education/fipsy midi merger/project/makefpga_diamondproject/source/baudgen.vh</Dynamic>
            <Navigation>d:/programs/hubic/maker/business/fpga/education/fipsy midi merger/project/makefpga_diamondproject/source/baudgen_tx.v</Navigation>
            <Navigation>12</Navigation>
        </Message>
        <Message>
            <ID>35901328</ID>
            <Severity>Info</Severity>
            <Dynamic>d:/programs/hubic/maker/business/fpga/education/fipsy midi merger/project/makefpga_diamondproject/source/baudgen_rx.v(13): </Dynamic>
            <Dynamic>d:/programs/hubic/maker/business/fpga/education/fipsy midi merger/project/makefpga_diamondproject/source/baudgen.vh</Dynamic>
            <Navigation>d:/programs/hubic/maker/business/fpga/education/fipsy midi merger/project/makefpga_diamondproject/source/baudgen_rx.v</Navigation>
            <Navigation>13</Navigation>
        </Message>
        <Message>
            <ID>35901328</ID>
            <Severity>Info</Severity>
            <Dynamic>d:/programs/hubic/maker/business/fpga/education/fipsy midi merger/project/makefpga_diamondproject/source/uart_rx.v(18): </Dynamic>
            <Dynamic>d:/programs/hubic/maker/business/fpga/education/fipsy midi merger/project/makefpga_diamondproject/source/baudgen.vh</Dynamic>
            <Navigation>d:/programs/hubic/maker/business/fpga/education/fipsy midi merger/project/makefpga_diamondproject/source/uart_rx.v</Navigation>
            <Navigation>18</Navigation>
        </Message>
        <Message>
            <ID>35901018</ID>
            <Severity>Info</Severity>
            <Dynamic>d:/programs/hubic/maker/business/fpga/education/fipsy midi merger/project/makefpga_diamondproject/source/makefpga_top.v(49): </Dynamic>
            <Dynamic>MakeFPGA_Top</Dynamic>
            <Navigation>d:/programs/hubic/maker/business/fpga/education/fipsy midi merger/project/makefpga_diamondproject/source/makefpga_top.v</Navigation>
            <Navigation>49</Navigation>
        </Message>
        <Message>
            <ID>35901018</ID>
            <Severity>Info</Severity>
            <Dynamic>D:/Programs/LatticeDiamond/diamond/3.9_x64/ispfpga/userware/NT/SYNTHESIS_HEADERS/machxo2.v(1793): </Dynamic>
            <Dynamic>OSCH</Dynamic>
            <Navigation>D:/Programs/LatticeDiamond/diamond/3.9_x64/ispfpga/userware/NT/SYNTHESIS_HEADERS/machxo2.v</Navigation>
            <Navigation>1793</Navigation>
        </Message>
        <Message>
            <ID>35901018</ID>
            <Severity>Info</Severity>
            <Dynamic>d:/programs/hubic/maker/business/fpga/education/fipsy midi merger/project/makefpga_diamondproject/source/appmodules/freqdiv20bit.v(20): </Dynamic>
            <Dynamic>FreqDiv20Bit</Dynamic>
            <Navigation>d:/programs/hubic/maker/business/fpga/education/fipsy midi merger/project/makefpga_diamondproject/source/appmodules/freqdiv20bit.v</Navigation>
            <Navigation>20</Navigation>
        </Message>
        <Message>
            <ID>35901209</ID>
            <Severity>Warning</Severity>
            <Dynamic>d:/programs/hubic/maker/business/fpga/education/fipsy midi merger/project/makefpga_diamondproject/source/appmodules/freqdiv20bit.v(55): </Dynamic>
            <Dynamic>32</Dynamic>
            <Dynamic>20</Dynamic>
            <Navigation>d:/programs/hubic/maker/business/fpga/education/fipsy midi merger/project/makefpga_diamondproject/source/appmodules/freqdiv20bit.v</Navigation>
            <Navigation>55</Navigation>
        </Message>
        <Message>
            <ID>35901018</ID>
            <Severity>Info</Severity>
            <Dynamic>d:/programs/hubic/maker/business/fpga/education/fipsy midi merger/project/makefpga_diamondproject/source/uart_rx.v(21): </Dynamic>
            <Dynamic>uart_rx</Dynamic>
            <Navigation>d:/programs/hubic/maker/business/fpga/education/fipsy midi merger/project/makefpga_diamondproject/source/uart_rx.v</Navigation>
            <Navigation>21</Navigation>
        </Message>
        <Message>
            <ID>35901018</ID>
            <Severity>Info</Severity>
            <Dynamic>d:/programs/hubic/maker/business/fpga/education/fipsy midi merger/project/makefpga_diamondproject/source/baudgen_rx.v(32): </Dynamic>
            <Dynamic>baudgen_rx</Dynamic>
            <Navigation>d:/programs/hubic/maker/business/fpga/education/fipsy midi merger/project/makefpga_diamondproject/source/baudgen_rx.v</Navigation>
            <Navigation>32</Navigation>
        </Message>
        <Message>
            <ID>35901209</ID>
            <Severity>Warning</Severity>
            <Dynamic>d:/programs/hubic/maker/business/fpga/education/fipsy midi merger/project/makefpga_diamondproject/source/baudgen_rx.v(59): </Dynamic>
            <Dynamic>32</Dynamic>
            <Dynamic>8</Dynamic>
            <Navigation>d:/programs/hubic/maker/business/fpga/education/fipsy midi merger/project/makefpga_diamondproject/source/baudgen_rx.v</Navigation>
            <Navigation>59</Navigation>
        </Message>
        <Message>
            <ID>35901209</ID>
            <Severity>Warning</Severity>
            <Dynamic>d:/programs/hubic/maker/business/fpga/education/fipsy midi merger/project/makefpga_diamondproject/source/baudgen_rx.v(67): </Dynamic>
            <Dynamic>32</Dynamic>
            <Dynamic>1</Dynamic>
            <Navigation>d:/programs/hubic/maker/business/fpga/education/fipsy midi merger/project/makefpga_diamondproject/source/baudgen_rx.v</Navigation>
            <Navigation>67</Navigation>
        </Message>
        <Message>
            <ID>35901209</ID>
            <Severity>Warning</Severity>
            <Dynamic>d:/programs/hubic/maker/business/fpga/education/fipsy midi merger/project/makefpga_diamondproject/source/uart_rx.v(67): </Dynamic>
            <Dynamic>32</Dynamic>
            <Dynamic>4</Dynamic>
            <Navigation>d:/programs/hubic/maker/business/fpga/education/fipsy midi merger/project/makefpga_diamondproject/source/uart_rx.v</Navigation>
            <Navigation>67</Navigation>
        </Message>
        <Message>
            <ID>35901018</ID>
            <Severity>Info</Severity>
            <Dynamic>d:/programs/hubic/maker/business/fpga/education/fipsy midi merger/project/makefpga_diamondproject/source/uart_tx.v(23): </Dynamic>
            <Dynamic>uart_tx</Dynamic>
            <Navigation>d:/programs/hubic/maker/business/fpga/education/fipsy midi merger/project/makefpga_diamondproject/source/uart_tx.v</Navigation>
            <Navigation>23</Navigation>
        </Message>
        <Message>
            <ID>35901209</ID>
            <Severity>Warning</Severity>
            <Dynamic>d:/programs/hubic/maker/business/fpga/education/fipsy midi merger/project/makefpga_diamondproject/source/uart_tx.v(92): </Dynamic>
            <Dynamic>32</Dynamic>
            <Dynamic>5</Dynamic>
            <Navigation>d:/programs/hubic/maker/business/fpga/education/fipsy midi merger/project/makefpga_diamondproject/source/uart_tx.v</Navigation>
            <Navigation>92</Navigation>
        </Message>
        <Message>
            <ID>35901018</ID>
            <Severity>Info</Severity>
            <Dynamic>d:/programs/hubic/maker/business/fpga/education/fipsy midi merger/project/makefpga_diamondproject/source/baudgen_tx.v(30): </Dynamic>
            <Dynamic>baudgen_tx</Dynamic>
            <Navigation>d:/programs/hubic/maker/business/fpga/education/fipsy midi merger/project/makefpga_diamondproject/source/baudgen_tx.v</Navigation>
            <Navigation>30</Navigation>
        </Message>
        <Message>
            <ID>35901209</ID>
            <Severity>Warning</Severity>
            <Dynamic>d:/programs/hubic/maker/business/fpga/education/fipsy midi merger/project/makefpga_diamondproject/source/baudgen_tx.v(53): </Dynamic>
            <Dynamic>32</Dynamic>
            <Dynamic>8</Dynamic>
            <Navigation>d:/programs/hubic/maker/business/fpga/education/fipsy midi merger/project/makefpga_diamondproject/source/baudgen_tx.v</Navigation>
            <Navigation>53</Navigation>
        </Message>
        <Message>
            <ID>35901209</ID>
            <Severity>Warning</Severity>
            <Dynamic>d:/programs/hubic/maker/business/fpga/education/fipsy midi merger/project/makefpga_diamondproject/source/baudgen_tx.v(61): </Dynamic>
            <Dynamic>32</Dynamic>
            <Dynamic>1</Dynamic>
            <Navigation>d:/programs/hubic/maker/business/fpga/education/fipsy midi merger/project/makefpga_diamondproject/source/baudgen_tx.v</Navigation>
            <Navigation>61</Navigation>
        </Message>
        <Message>
            <ID>35935014</ID>
            <Severity>Warning</Severity>
            <Dynamic>d:/programs/hubic/maker/business/fpga/education/fipsy midi merger/project/makefpga_diamondproject/source/makefpga_top.v(217): </Dynamic>
            <Dynamic>rstn_18</Dynamic>
            <Navigation>d:/programs/hubic/maker/business/fpga/education/fipsy midi merger/project/makefpga_diamondproject/source/makefpga_top.v</Navigation>
            <Navigation>217</Navigation>
        </Message>
        <Message>
            <ID>35001771</ID>
            <Severity>Warning</Severity>
            <Dynamic>pwr</Dynamic>
        </Message>
        <Message>
            <ID>35001779</ID>
            <Severity>Warning</Severity>
            <Dynamic>\RX0/baudgen0/divcounter_i0</Dynamic>
        </Message>
        <Message>
            <ID>35001779</ID>
            <Severity>Warning</Severity>
            <Dynamic>\TX0/BAUD0/divcounter_i0</Dynamic>
        </Message>
        <Message>
            <ID>35001779</ID>
            <Severity>Warning</Severity>
            <Dynamic>\RX0/baudgen0/divcounter_i1</Dynamic>
        </Message>
        <Message>
            <ID>35001779</ID>
            <Severity>Warning</Severity>
            <Dynamic>\RX0/baudgen0/divcounter_i2</Dynamic>
        </Message>
        <Message>
            <ID>35001779</ID>
            <Severity>Warning</Severity>
            <Dynamic>\RX0/baudgen0/divcounter_i4</Dynamic>
        </Message>
        <Message>
            <ID>35001779</ID>
            <Severity>Warning</Severity>
            <Dynamic>\RX0/baudgen0/divcounter_i6</Dynamic>
        </Message>
        <Message>
            <ID>35001779</ID>
            <Severity>Warning</Severity>
            <Dynamic>\RX0/baudgen0/divcounter_i7</Dynamic>
        </Message>
        <Message>
            <ID>35001779</ID>
            <Severity>Warning</Severity>
            <Dynamic>\TX0/BAUD0/divcounter_i1</Dynamic>
        </Message>
        <Message>
            <ID>35001779</ID>
            <Severity>Warning</Severity>
            <Dynamic>\TX0/BAUD0/divcounter_i2</Dynamic>
        </Message>
        <Message>
            <ID>35001779</ID>
            <Severity>Warning</Severity>
            <Dynamic>\TX0/BAUD0/divcounter_i4</Dynamic>
        </Message>
        <Message>
            <ID>35001779</ID>
            <Severity>Warning</Severity>
            <Dynamic>\TX0/BAUD0/divcounter_i6</Dynamic>
        </Message>
        <Message>
            <ID>35001779</ID>
            <Severity>Warning</Severity>
            <Dynamic>\TX0/BAUD0/divcounter_i7</Dynamic>
        </Message>
        <Message>
            <ID>35001611</ID>
            <Severity>Warning</Severity>
        </Message>
    </Task>
    <Task name="PAR">
        <Message>
            <ID>61061045</ID>
            <Severity>Warning</Severity>
        </Message>
    </Task>
</BaliMessageLog>